,VALUE,GROWTH,PROFIT,QUALITY,MOMENTUM,VOLATILITY,LIQUIDITY,market,银行,房地产,通信,家用电器,机械设备,非银金融,汽车,化工,电子,医药生物,食品饮料,有色金属,钢铁,国防军工,建筑材料,公用事业,综合,农林牧渔,计算机,采掘,交通运输,商业贸易,传媒,建筑装饰,电气设备,轻工制造,休闲服务,纺织服装
20090228,-0.03160055739462081,0.019436538923608214,0.06205464370236943,-0.011729676905253486,-0.02066653806405551,-0.0053761793082210355,0.01641038150258517,-0.018768682480088717,0.03203103689929773,0.032386277467405286,0.02410625905031022,0.0774456121222245,0.10510006951519302,0.0695210216921554,0.10789270287748705,0.051741139155768515,0.024965176544285497,0.003973822991049047,0.06805402139681804,0.21264055085845546,0.03775044594020706,0.02970628003042011,-0.04786113255858482,0.016956990424216715,0.1886552395635483,0.03070012300457845,-0.015048034942524019,-0.003137391549168842,0.0441204175203993,-0.011847140374010688,0.03744569811311676,0.04347884431898498,0.07462432023464376,0.0,0.0,0.06491139672122079
20090331,0.031830866427382004,-0.0035015928671930305,-0.007714711191841417,0.0016919384468415052,0.012425550723397138,-0.003114603926424436,-0.0046365908039501455,-0.043776934103824425,0.06029570050073961,0.19414085525505437,0.16758873682154907,0.0223276244069478,0.03247818874034682,0.20974620881364395,0.13141112414667033,0.15645909597575386,0.23027704985597047,0.014593167207679072,-0.028979886430499556,0.219938541182854,0.09288934406363647,0.10913546832867065,0.23992150097208897,0.09235404014899319,0.19048681842052428,0.16959299707932834,0.07746403806673707,0.18734457171558666,0.19231090333951978,0.15902366730102924,0.09921769853742442,0.03958272237393938,0.2971028748399444,0.0,0.0,0.09418227350375721
20090430,0.008306059090983333,0.0017792621632607224,0.029783890982990488,0.003654685848441865,0.02170029583593123,-0.006665663490864482,-0.008289546699967195,-0.027181623977871192,-0.016425937175843744,0.06571158746325514,0.08824725412501258,0.008827952154013895,0.015414951090859184,-0.014197158729382403,0.09347525882729595,0.06670310970433677,0.013395338564112035,0.0024649848134341394,0.032316414217279786,-0.0414821193576643,0.00864335838682743,0.01468028972714051,0.09351782046957136,-0.058095672215156074,0.04867734635288962,-0.11385440954725595,0.047774199647217984,0.10512974031997885,0.022722181902202876,0.13323700721921095,0.07073305871288904,-0.004958925663191261,0.13388975955934213,0.0,0.0,0.026860984704265952
20090531,0.025699012422324648,0.002642513323389305,0.018246255412135176,0.0038644243625392954,0.0017250809176110934,0.0027165355584985104,0.017711209880054497,-0.045902948237113,0.022219429272645974,0.1475356759220372,-0.09079730147288059,-0.04284189119282743,-0.07378620084971303,0.07256400665731372,0.03179965940552845,-0.01492905637054683,-0.12344773599241973,-0.10765123744000946,-0.07996278487432659,0.10747528262991592,0.1009782362766054,-0.022617946313192312,-0.0760461085282585,-0.034773830748904944,0.07488952951998405,-0.04350942567983203,-0.03921736715234876,0.09487165634638421,-0.006724793861845486,0.014893363791493808,-0.09035936274986811,-0.031845916293228554,0.11704603510477367,0.0,0.0,0.051058203023114646
20090630,-0.02169145447095032,0.0005163215368377914,0.009866251766103572,0.024253391538386418,-0.003128499631041037,0.011654055310633682,-0.0009216660331179192,0.010171550204906241,0.2834768063752935,0.284073508039809,0.10350538052697313,0.03216766222121504,0.15300414371529486,0.1605990049343986,0.03537613779185242,0.03947402899114446,0.025421388909886714,0.103560727138304,0.21887900566842428,0.21866597690786654,0.20488229150984677,0.00980735063699606,0.06569887938107033,0.0440887632768409,0.019708856977778078,0.07797998045256563,-0.01768489288849558,0.07652907739852244,0.07203293561849361,0.16883520338034572,0.19617616053450918,0.12115125830814147,-0.0903642957259945,0.0,0.0,0.21328340976064092
20090731,0.03809287659825934,-0.008308036163617336,0.0009047518294699325,0.015886039309146012,-0.006706978757609819,-0.013316060363498482,-0.0010024018031576697,0.00038845582449582514,0.12557054286336994,0.09495686521014271,0.16430750354166718,0.09107967968849752,0.08919455436068519,0.2616325472979881,0.21621399202942126,0.20850779399396296,0.11883355869839754,0.0839439904943995,0.12508597593617504,0.23136124037637615,0.30220338706306304,0.2072830396723529,0.1641118135774331,0.15917220087873793,0.2768777584558139,0.1088648934708579,0.22282360396354756,0.21946816119555473,0.15171462731140123,0.04988300367228998,0.08146460213653264,0.08314647098984909,0.12109637935579848,0.0,0.0,-0.007553428195223439
20090831,-0.006119183851509141,0.0033781057315948626,0.014606525894511328,-0.011181499155169567,0.0018794674032403327,0.001473753407270774,0.007786126832632434,-0.03906870673173001,-0.2696737454450752,-0.2297755741230026,-0.13219970380682333,-0.15888929459199083,-0.17567522004154418,-0.2084635539575027,-0.151134271970841,-0.057444301256364946,-0.22899580491433413,-0.10604898574202937,-0.10509613052190611,-0.24730951742322588,-0.2832389507749804,-0.14900484192439936,-0.1619317953351072,-0.2126553352957785,-0.16000957440652208,-0.19662189630427362,-0.1949590467212652,-0.2002338055142691,-0.18285050846738105,-0.14929339381822926,-0.21434918589559387,-0.24469316465759403,-0.19718944653155301,0.0,0.0,-0.19667501701673787
20090930,-0.0019705266151021543,-0.0031830161942197964,0.020280533276886507,-0.01827163114080883,-0.004088070427679766,0.009034593400325459,-0.006916882900933525,-0.03157659881539272,0.10974364280194149,0.08773612618210166,0.0680450491213932,0.06028761811197092,0.09561470373004077,0.05904814241985232,0.05963268042035712,-0.007714635200989677,0.03351897238274318,0.05566568936543584,0.052313803798766385,0.06407315222386041,-0.018363914296200656,-0.08471694676694107,0.06201309469652984,-0.010916776832901957,-0.0775141506623227,-0.05719877098910445,0.00020636445052195015,0.04433725883369783,0.020507740587355897,0.09245260821497615,0.013686311861350197,0.008150559422332249,0.06185556067297918,0.0,0.0,0.03168073830581283
20091031,-3.617185410405635e-05,-0.011107880431457558,-0.016673502341051333,0.011313868783648895,0.007089326960007459,-0.01672791369692858,0.006377917467711661,-0.030965714795001324,0.061317518891324474,0.11309374803006046,0.03147612694368328,0.12769792127889645,0.06692809178611837,0.12242604469546076,0.19262448908034008,0.06364696117776955,0.017453326807902816,0.09108707937839584,0.020063870273222244,0.09803537363131831,0.056914032519799665,0.04550078675502032,0.08882136174534877,0.034299271344843014,0.11114572066274137,0.04419177253923899,0.01496446947093496,0.1433230900306035,0.06899627662373711,0.054793965124870884,0.04536903422804956,0.0474667776083665,0.0323755074457316,-5.1528425672340896e-20,-0.19953985470881308,0.05882840812390938
20091130,-0.022106226907713175,-0.0029681202948823046,0.01882577431257726,-0.001827024972745537,-0.01837854642500157,-0.023255089039849602,-0.004219045457437449,-0.029773685721305017,0.010237871917393011,0.04420409939305504,0.03634473770395782,0.12284716496638959,0.0432087893418864,0.07696924271004951,0.05340381428022228,0.1135179731811775,0.15453880363489556,0.04825580230293568,0.19941375631195998,0.1356473376820209,0.15855904759294934,0.08805649180226602,0.05630416222319195,0.06661677648367173,0.15563488121666197,0.19002902875768868,0.0761309644839474,0.13612268716936674,0.09898512917171665,0.17038593128925694,0.14947991227566024,0.060392004951485445,0.1354265484306106,3.864375813234575e-18,0.2751720764399811,0.17536461093178687
20091231,0.014511633504808504,-0.004489258745414993,0.02931324555106403,-0.008778123204992359,-0.008807512031211235,-0.05337520547650869,-0.007222830293560204,-0.017335930516076372,0.08484286929054784,-0.06140229912812522,0.08081504400168339,0.01390739921720849,-0.025077327273386418,0.07616823406357254,0.06750856924925842,0.01875254221387823,0.14556995735285658,-0.011572933610700609,0.014629742747668891,-0.023368253569941762,0.07223913265643975,0.019443142753832958,0.09999181604676755,-0.024441201181338613,0.08291028753775653,-0.056313210590680604,0.08076036336540132,0.04495712901703504,0.027437537208922377,0.04857165006444765,-0.0048172742931291545,-0.01133229732758122,-0.037605617123614016,2.0351020106568306e-17,0.06346260030929066,-0.06146246847984087
20100131,0.015927492513402655,0.004153012549183512,0.013101691158572968,-0.0011760926557441917,0.01550798269753121,0.021272570755640943,0.008311244791329176,-0.04550888511248667,-0.12218702158324465,-0.12920900137293584,-0.02088901491888232,-0.1308361170888413,-0.12693118516538687,-0.03347900968593401,-0.13163667720279193,-0.028486548410314932,-0.03577735350043767,-0.025895236756405884,-0.036544961058781036,-0.136534841369498,-0.16322847252779038,-0.03498839253639377,-0.0218453779250311,-0.05421751091161848,-0.09127434429375016,-0.08009555859000471,0.035695136780350016,-0.05840578269886218,-0.008168009005345221,-0.02322585472301077,-0.08680229498367906,-0.06302895144632811,-0.02009305744948449,3.042605565487732e-17,-0.1049396436874862,-0.07705740850003041
20100228,0.04885966842112306,0.01921539165376809,-0.0027243401664525727,0.03203932917221463,0.057476630705896224,-0.12521452216657272,0.018694716009548945,-0.13170447506570743,-0.014011084151452365,0.006848802297893666,-0.03219115918041159,-0.060514205950274874,0.02025142272922975,0.22070912931793027,-0.033372779331479585,0.10650617188734633,-0.13514471821784596,-0.08148397989994807,-0.07435533565667062,0.03066515602671787,0.0844860279012209,-0.017340479437339774,-0.0541317249326624,-0.015987155826447566,0.03334674257890905,-0.11419281196416876,-0.061549178333094964,0.1229454426340588,0.0681179467784731,0.06872189368989391,-0.06430200465735295,-0.02724025843295455,0.008229076564452188,7.348047941142745e-16,-0.031008530440347456,-0.029002177716945143
20100331,0.01582834492189862,0.004906465337935914,-0.04313572694794279,0.01136218595072378,0.016568483848836496,0.05401686392637631,0.017784667427935764,-0.04520089342109943,0.04418547687059152,0.09686311414271823,-0.01712817170116689,-0.02118080062527755,0.03500115232770498,0.0462569039811931,-0.033005367875173414,0.028192885134994104,0.057515583909572995,-0.011865525173378416,-0.05369572093427385,0.01995480118142795,0.004424445846054396,-0.023181591652468497,0.011842407393479797,-0.0025993584933270654,0.007576130964843115,-0.08670832752020574,0.00434478165702107,0.04464392960842576,0.035615261620142204,0.04671832007875673,0.0058630138291907025,0.04584705901603965,0.052546898609005244,7.943765528287053e-18,0.003535018722265371,0.08754526003483219
20100430,0.009800554543082618,-0.0035002690002418598,-0.04568640150611279,0.0006270161713935098,0.004362126924180245,0.05307311730929111,0.005425183862332749,-0.03652979389186546,-0.11353322985769487,-0.23079754357021193,-0.11021909446982722,-0.10836158586034612,-0.08475909941809175,-0.06946679875200101,-0.07657986457777956,-0.11326099176352714,-0.0839838003027521,0.034610203699918976,-0.023931511057637633,0.01513187170442725,-0.11523714067706614,-0.12911761849686537,-0.21756191757170407,-0.04029857309974962,-0.01628217561244724,-0.1607789151306923,0.01480707690077927,-0.000998340877731773,-0.039805995228541134,-0.0879467675257744,-0.1690166197329187,-0.08011539780152457,-0.017432126044032208,-6.796672260308099e-17,0.05107202112988456,-0.1745462849565328
20100531,0.006251898264791404,-0.003456506273257328,-0.03394651736230726,0.025977532439713444,0.06243661468691458,-0.0026074293856371625,-0.06994094694895096,-0.033020976097068944,-0.10837282695272085,-0.1124347445834057,-0.13002323115267528,-0.03808097932384275,-0.08049225852480735,-0.14138275050837146,-0.15973441024056279,-0.1017670259311269,-0.05815212364626141,-0.00016346218811268912,-0.060285462159584226,-0.0343892386254851,-0.11135792564686492,-0.020014156517327276,-0.0613061171786272,-0.09323224937706284,-0.14302463467635051,-0.08887568891758452,-0.13071991117596474,-0.10097327779196416,-0.1436835430815264,-0.08600219832590954,-0.11181294549620545,-0.06897974632963594,-0.00241481976133677,-4.6894142211374656e-17,-0.08502816068437263,-0.13334711759937903
20100630,0.011452859223617547,-2.8039422652077935e-05,0.01774963662122821,0.0038088096702246278,0.020800039148670235,0.0035937566855560876,-0.04471874929096772,-0.004460477411633771,-0.05111966550392805,-0.04411750096923185,-0.023278151848323186,-0.03878677838134005,-0.06641957817170334,-0.0421662064780922,-0.028971981916182568,-0.10802131495489392,-0.037899147510451744,-0.10398868082959731,-0.023804657602706496,-0.11149488448529185,-0.11644048232825355,-0.040621310277650716,-0.04062166357539853,-0.07709705071772441,-0.14019984331040156,-0.15589889356605602,-0.08039191288715372,-0.11852813308197074,-0.059481815484440266,-0.005619769791426318,-0.10515095891793014,-0.055260373743277386,-0.1614444849431319,2.371066786759292e-16,0.10441760345839778,-0.1253350742708102
20100731,0.03135286723565895,0.011337398499707406,-0.03417145809210231,-0.0008633266797787881,0.02932897641320631,-0.004407574141219381,0.04529736189130959,-0.013400786004220717,0.08674566124284806,0.18411589672245496,0.0871582479647475,0.11631325797531486,0.18391977821059977,0.11255594866071668,0.1418045616248476,0.12490912680457869,0.09967605526070897,0.09718846196770298,0.1202737920525457,0.1326337140918827,0.14406180655375478,0.12998382210253823,0.13908743739811047,0.033807441040735325,0.13693351002145016,0.11286278731115246,0.06932320860608468,0.15043259988510713,0.14459541296160444,0.1172006121092189,0.09190701759059769,0.11840226223414795,0.12288883850619677,-4.4960971812596725e-17,0.1859821095992237,0.09687057350682164
20100831,0.008837469203858854,-0.005985441686563331,-0.01907114067481664,0.023033660520320253,0.078238196927925,-0.02753489935883253,0.013484407279113424,-0.07410765691490553,-0.11267838399248378,-0.08197149381409309,0.04836083247518426,-0.04601015619662712,0.03564733496651305,-0.018110630406460066,0.12756808569191988,0.07729055016238295,0.04515947055134281,0.07359079800301477,0.09116161494631442,0.1351221376991092,0.03680092469461195,0.08434306975266224,0.03217982646939376,-0.027298383645277806,0.12903690555845543,0.029123927033701032,-0.005613879225847367,0.03414761011454383,-0.0015199300165695834,0.15162546033638316,0.03253494620814353,0.08884082712415495,0.04197442961526818,-1.3919236593650982e-17,0.1349529162141559,0.007595854130905258
20100930,0.046864606873664824,-0.06400037045933472,0.0019120591555162238,-0.02338852275141799,-0.04096413069140795,-0.05850363464306482,0.02736654272584477,-0.03817354503005885,-0.0629027642416108,-0.0846551356258049,-0.01920298844241991,0.004706660273486204,0.02649230346039351,-0.02077286297553505,0.028048094801913673,0.02963454041934396,0.017068898026131513,0.019497852385247986,0.058294202819632934,0.09774393154816653,-0.024225524063299825,0.38926209849238813,-0.08793092550161061,-0.0443613862075187,0.049157427280748955,0.3072971792642463,0.014898570352472024,-0.0013075449416619297,-0.05079287955927773,0.07463324339479371,-0.08153085608726889,-0.003811648115112814,0.031412714028558095,-6.151637455445133e-17,0.010578367375864216,-0.045080293382816286
20101031,0.03793599445335292,0.032547686069626686,-0.045239226182135106,0.02549276292891431,0.11182453008969215,0.02957921057498178,0.00023926691084274598,0.010217012937957713,0.1444663875132397,0.11659939619518275,0.12348086147594796,0.12672649004519895,0.28420760994419575,0.27443374914365404,0.18494919462746856,0.10171828002319501,0.15175822559448693,0.06823957110779166,0.02084840490185859,0.24342100654041077,0.15036198013218968,0.11382465443090256,0.19640591443696087,0.07983427954283706,0.07535139074646685,0.07885219028464034,0.1235022820365328,0.2308143318828275,0.15330584375812223,0.058803112028784785,0.0824542631274918,0.08452620452707038,0.22380567698764747,-1.228805951855485e-17,-0.009033185996837209,0.005231345863086712
20101130,-0.004734990970444194,-0.004916608641905086,-0.036360710648865986,0.014165061660993024,0.06659594364502201,0.12774946557213016,0.0075667021749993724,-0.0487423669027882,-0.12225644779069837,-0.12965754807672603,0.045234759886838394,-0.044141703722530054,0.09026611917707897,-0.11448759531353338,-0.07026516442912026,-0.00350157042646608,0.04186195651057029,0.12437546188929738,0.1429254369712845,-0.08334208144385653,-0.07848865132893121,-0.05938026485884834,-0.017631108185635423,-0.031342962920793645,-0.15282643467935192,-0.043648950687225865,0.08560164485904075,-0.012333331261246593,-0.09540393398800401,0.08826768999683558,-0.0008531586599964096,0.018343293001918774,0.030310112178468282,-1.008702477618376e-17,0.3933797260532384,0.07969327464511991
20101231,0.014808005704541117,-0.0054176009133410155,-0.08019051353698435,0.010976727990232207,-0.02750350723635499,-0.029597370401426938,0.011903019278841867,-0.018628075636508017,-0.017748355694230306,0.013955252156188855,0.011082111440274569,0.0009638963207930507,0.10298427686159488,-0.0008846076693933731,-0.11174913098098845,0.03360260576347724,0.031336888297798085,-0.07602772854041287,-0.012917967456699535,0.08916849947989505,0.0018841011687231613,-0.023812196212125047,0.050901379766005256,-0.0475914442461714,-0.09553663423325473,0.008393813710507498,-0.038045605422440135,0.05975028204013326,-0.024880578351225268,-0.004055819397471003,-0.03664351693970247,0.0312336502281075,-0.038481564115189215,8.873189538297049e-17,-0.11772689350328189,-0.009778889232587776
20110131,0.008529582392768902,-0.06408960093418742,-0.002534470514897434,0.0006491491439775225,0.05476884617393919,0.0975699901829206,-0.01156766144092029,-0.027167762160898723,-0.007493908965477461,-0.032304982656480144,-0.07876927818130142,-0.04192028905059658,0.051724855365494676,-0.03313889962163908,0.05506645718795734,-0.03507541986734245,-0.1355619488024111,-0.08399210328172485,-0.06038399873536759,-0.07703185200713697,0.03475257651037317,0.0034596985710868156,-0.07470381688711936,-0.062393310772981964,-0.056033940263604885,-0.06391610697909202,-0.1413220387699659,0.02291075269843946,-0.010530895159362522,-0.0771934825379831,0.029363596109963683,0.08843922800972003,-0.030746595735026194,3.6500370307916663e-16,-0.11213077756499366,-0.12045691747617382
20110228,0.01466830016059506,0.06320129124156253,0.12426488628403973,-0.005053426962955675,-0.1414581109050707,-0.06418983540148254,0.012850277405872901,-0.035343847508532755,-0.010831137436926278,-0.013132441468077379,0.1249605859076967,0.1490810184839157,0.1038383015987492,0.08147500521023086,0.08530447973836851,0.11045683252979226,0.07053765483913466,0.04693876542924936,0.029528790635320736,0.14399685755563438,0.06720575858925039,0.08352183437532444,0.12958216924423369,0.01370990155840751,0.10219728058261399,0.03918897990125226,0.0927636554190564,0.0998209153371657,0.032671260895518375,0.09291375666346342,0.0501227820812128,0.03042305493364574,0.05417279712535493,-3.524554300160937e-17,0.062475120934162784,0.05727422798807875
20110331,0.01093060022171383,0.038711153517072036,-0.024823081131275772,0.014585726378764095,-0.24320711125220967,-0.020241247522068982,0.01813149597228738,-0.021815524867720794,0.04280424980339128,0.06816018276250618,-0.09379870232569026,-0.056155851593637354,-0.0004291061129884418,-0.015452685567912064,0.01145155142970427,-0.01293791641540494,-0.05680496639152041,-0.07122045248352951,-0.031980157123711356,0.009917267563364227,0.14069286171500797,-0.024815690877834442,0.04728017489329234,-0.031866593607774434,-0.045301447240423516,-0.11359474339057833,-0.10022255635909089,0.04819820925502899,-0.02237342938879954,-0.029539376252416167,-0.07952575180250651,-0.05391129023608163,-0.05168949666226795,8.808233340637332e-16,-0.10086074710544646,0.14086503860495242
20110430,0.012713477476846487,0.04273680770898117,-0.014889433601114296,0.006214858369327118,0.0043476308402941866,0.021062930533198694,0.009365927868609729,-0.016774977337161587,0.021714632353652848,-0.020645307749436792,-0.07708094275988375,0.014014649409365202,-0.02838287031049921,0.028703475361721246,-0.06958833487020775,0.015777052141408177,-0.044574628960234175,-0.040636551544468644,-0.0010067927596817787,-0.037518737120638176,0.028543808176883945,-0.07383702856718496,-0.08659093166388132,0.003677332036023684,-0.0005549736166087288,-0.03558574627883557,-0.05555704773251158,0.006951591697503158,0.00417858214650065,-0.056439884682647316,-0.10741212126998254,-0.024469704284016357,-0.004947455511776153,1.8907150318168265e-16,0.024258481821425013,-0.13729763647626475
20110531,0.008962139901380648,0.01854614946078572,-0.03315420138404945,0.015356078975327094,0.008135575146809265,0.07815661488285698,-0.0029210684628390073,-0.014649086963336604,-0.049615882950223296,-0.08011000833015317,-0.07096687141662536,-0.048084523873093483,-0.05931497190161959,-0.039446304160477334,-0.0876295165852212,-0.07302839606701741,-0.07977163012637564,-0.0884647029839396,0.015563442934614612,-0.0638634017608943,-0.022885364488188162,-0.0837182137691484,-0.06014571602701743,-0.10467255573283502,-0.08786848191269622,-0.04249280877095746,-0.05052299260924943,-0.07074415043831125,-0.07833716574464418,-0.08585388994664203,-0.06893677905716653,-0.079260817856279,-0.06757630798265554,0.018759197434440555,-0.07492254687355743,-0.11466899547055388
20110630,0.005634415827593689,-0.0029446903536321668,0.024106257989749823,0.005385451473770082,-0.2181694888932772,-0.03846093530553724,-0.02271820977195211,-0.0096330175813292,-0.043888007668261717,0.10863711421331554,0.009818276428485645,0.06626860303029533,0.08084477927933277,0.03370682998102751,0.05307727453383987,0.06395637314286756,0.1099480176943814,0.0010880685408086385,0.04836421163405034,0.0794552806252363,0.0588744872738699,0.13950668067950212,0.1514571392769873,-0.012461947631254442,0.07503363404716949,0.07263792506224859,0.01714914137797851,0.043443168410937025,0.01605416316371651,0.040153637786749234,-0.02894638217720949,0.09324867973165941,-0.0029997868189770445,0.0006614934873853586,-0.001470415345098175,0.05448706356980191
20110731,0.0037696890017359826,-0.0073120430626928915,0.09895110192733941,-0.004751700907073232,0.32746141651067656,0.006520694746606012,0.008275604450303252,-0.02056569297143327,-0.04052975920580329,-0.029431878543502835,0.003502791037691048,-0.018325303669640858,-0.04947145607098331,-0.027124313706558205,-0.037718213975378216,-0.0013380971968833082,0.06816369109571374,0.044585326007273954,0.10370104500361876,0.06842345844472136,-0.04678989173447504,-0.008828224780877355,-0.06769092800466933,-0.053149788254773234,-0.030821475710247737,0.01063965098490751,-0.007843520769290388,-0.008280166165693239,-0.017498078255863095,0.0042519078822923495,0.04821186654223908,-0.03738515100709483,0.029077789874739794,0.14072639919725302,0.16201527195486898,0.021442517053828367
20110831,-0.0017267886377876612,0.005768611730884924,0.008339370125563697,0.018387860869841906,0.10363066917877181,0.010430457488381138,0.0020267964249829273,-0.023716826754881504,-0.037659709785442794,-0.0008977808294305363,-0.05649094208655591,-0.06433654566738717,-0.00913345968125711,-0.047128119901996626,-0.07927560871637138,-0.0495630966531845,-0.09567387035012977,-0.026592429858281294,0.03409388389740688,-0.02953136394249751,-0.07856137041476788,-0.07478135734524907,-0.07581423321511181,-0.03528858373834111,-0.04096246465449754,0.07896574872274013,-0.03244777674276437,-0.05359693508051968,-0.05079934239738951,-0.028595068295238606,-0.07465053900758135,-0.06738393666816014,-0.07571213870063542,-0.02616628027448601,0.06219445175766487,-0.06781274576867682
20110930,-0.0013083250672179386,0.015183806251683939,0.006406199203151497,0.023752603103433287,0.018700689151473743,-0.010625093629992512,0.0008697961948468114,-0.027787966089554597,-0.07476333121539033,-0.153296242075396,-0.0642070312766445,-0.14937803981840336,-0.12789264190368532,-0.06820479921756695,-0.06043956162101695,-0.15852020235904374,-0.12390027068180147,-0.13175437519974809,-0.10856928514669895,-0.11134205674499711,-0.08199047094564563,-0.14076710597895245,-0.17246449511483625,-0.10654961269884014,-0.15071951592313604,-0.15264298492273215,-0.11968096500654876,-0.02154419723193606,-0.11861394273776424,-0.13689198004249437,-0.15410400311506672,-0.1283819659758114,-0.10499749995106096,-0.18262147356694253,-0.15185251430292596,-0.11776270152649984
20111031,0.009526852815632501,0.007279797065284751,0.0016249375708521103,0.004123561921559205,0.05400382353834265,0.023437340534788555,-0.0017220413354636331,-0.03881240389001925,0.04030281201102716,0.02521763302961487,0.032059952476482426,0.011138697606906705,0.07576634497862286,0.045108118986628615,0.0067085289944237405,0.017729301085049116,-0.01131348671786068,0.01676541722957263,0.061535818584044846,0.031420819025539434,-0.010260203698264749,-0.05113759037229257,0.07240862727558868,0.08144354948583479,-0.006353224203966588,0.02282249264935134,0.02390393723669173,0.040435337879083794,0.028535137793820765,0.07726192998087575,0.026237689922082065,0.04085521653697707,-0.010731986954943217,-0.035250817556747936,0.19651493626707323,-0.01749710209329513
20111130,0.008596609775506647,-0.014639472009965432,0.041783746201788076,0.003452867124580063,0.03725273427477954,0.056374502812635445,0.020983399553937288,-0.01145378559529887,-0.06652378357441854,-0.08191484846185812,-0.04684088280084364,-0.1009918751930483,-0.11559125142088704,-0.08239969544238784,-0.03016706855949042,-0.03735945827304801,0.016148254696486074,0.00842772275555281,0.031470479976698,-0.07873086896010767,-0.14900630826653766,-0.03374733560144419,-0.07896852295797913,-0.02587023737722651,-0.11707861960317548,-0.019738436881723827,-0.02016799958730578,-0.06469148488314883,-0.08372149616716926,-0.1229407503176891,-0.027536408405418336,-0.0901298277839195,-0.054374921419855955,-0.009630539727395006,0.016168855076641616,-0.10195092277740134
20111231,0.01614768688212098,-0.008510415034455494,0.05363614124887045,-0.0007105227210874821,-0.005730085900210708,0.10313245145913418,0.029150665223132578,-0.0056212182459224064,0.009069293109887468,0.027761636966134033,-0.07121100783281789,-0.025681025152217762,-0.07631948048678136,-0.09351935185202237,-0.08714221802807076,-0.15956567576754727,-0.11779252156188179,-0.12820419673963404,-0.10102307592672358,-0.16722901921172273,-0.08502974595655882,-0.12497986193988844,-0.0981957586099294,-0.021485388675514045,-0.11640701961464726,-0.12408224100185708,-0.08714086706840647,-0.0773506488516168,-0.11825680940043293,-0.05679981492499115,-0.13550920863627047,-0.09304527863635727,-0.16082351695278826,0.08179760653160603,-0.02550462789744557,-0.17552219133055796
20120131,0.012655144395420332,0.0008680128504937805,0.007363728406111876,0.005003374726843621,-0.005614578569493746,0.02372701803009511,0.0019472819763276614,-0.010156231305419507,0.0543944380339374,0.01967014626671123,-0.028945834996241298,-0.01596087430292481,0.11446015703754832,0.0749993606980448,0.04423510082452786,0.02702395658884888,-0.08472937914330378,-0.06199975544624538,-0.040094175623541076,0.1606853635148071,0.06398547003297952,-0.015864122642594375,-0.009613955230360733,-0.026328586557211327,0.01857310903937494,-0.011370535333123287,-0.07589562628043048,0.06256259717033756,0.01976255196645373,0.010036570421661705,-0.10094513444285085,0.009476947917355146,0.006258640264999552,-0.2656644894429638,-0.12064632173895747,-0.04367473877370028
20120229,0.006142366836848788,-0.006382272411482397,0.002618155951883614,0.01718510215209856,0.023187785861252176,0.03608097465298861,-0.0025116106456470333,-0.02479772507487188,0.012048520511777036,0.09379535435315293,0.09738929821745818,0.09661460956686044,0.03847866741481009,0.08834922352332925,0.08593405263164686,0.0877241969102652,0.14317039032340328,0.07330984060363675,0.12261037644930724,0.09345627785901425,0.058947258305342004,0.08782441806617475,0.06740168551705336,0.01971673371264445,0.1373999166171796,0.09734994622986876,0.12977889446053242,0.09552245791283502,0.06681745862311597,0.04313332372643565,0.1491204881950338,0.08361279476714867,0.08525288563506994,0.15213336726870158,0.10986519134663263,0.16950911464849625
20120331,0.008605602762791015,0.010473071941230146,-0.006917036708597644,0.004446153046086534,0.04640675153457072,-0.004453080154731899,0.004532776915733484,-0.024775667725827687,-0.07228014888381393,-0.01473191305355127,-0.04936882084843788,-0.04750598863484304,-0.11685647561328086,-0.06880637939328065,-0.08469882789656683,-0.0742521330319108,-0.09566030578640752,-0.07803746335857664,-0.04307649761879392,-0.059542530704037464,-0.07599048314590498,-0.09483330898894454,-0.08530676596340592,-0.073546025377831,-0.05746156716070829,-0.048078454561595804,-0.07152357920619536,-0.08929639539025937,-0.09873256038697914,-0.01861601431830183,-0.10088598695434733,-0.0734696834997084,-0.0959804269888763,0.015778738971607722,-0.053902124928367115,-0.1297323245723188
20120430,-0.001728254323011332,0.0012547441674651948,0.007646094012835492,0.018348994656107946,0.01766031963747802,-0.023672790050816926,0.01915752484488683,-0.02840162763601761,0.029773149655023538,0.17416242188067327,0.010843455135160768,0.003673832047014168,0.13128598517347875,0.14426934577475334,0.08885888309223902,0.028173287855747776,0.009145269839889295,0.013701557290976253,0.0814263152987667,0.0883047130978762,0.018145367692349316,0.07924395231874286,0.07562112110057068,-0.005208820818291143,0.049675711954542706,0.043772443863144404,0.024377708526229048,0.08557553257642116,0.04445127905964568,0.04984155443263766,0.04106769769378018,0.07173465613884757,0.014046077923480428,-0.09074231519451144,0.08764159296235838,0.08851796794679345
20120531,0.007137887753198072,0.002106285899561472,-0.0360941329642378,-0.0002781602322519533,-0.004342577521238202,-0.028977161737789404,-0.010345583556962634,-0.0033889142728567275,-0.047655260911115896,0.04554324106795309,0.004894323214842594,0.04600859690676962,0.05473199942418869,0.0590604949029357,-0.003230589647152341,0.010458627796531944,0.08186446388426746,0.06379367667498419,-0.014804861255184706,0.021719039255762483,0.008356020266034245,0.01812448381750986,0.07920881846893585,0.07749029805146136,-0.054919550137175144,-0.023997365023926687,0.008190998286774909,0.009130374926315715,0.010334872756411425,-0.00010357069709571176,0.017673803285866218,0.04897217265603414,0.005209822163560454,0.12975598997157395,-0.042263202523812535,-0.02199339999467572
20120630,0.004181791546596124,0.004373151714286479,-0.0035831247176520906,0.01351251689323608,0.053224499314610804,-0.02022804980551451,0.004454434393992533,-0.018874914408224717,-0.031532300843415836,-0.05539980635019047,-0.09273670913728926,-0.06418335499183632,-0.038832446317075164,-0.04850028702768176,-0.08218796582897278,-0.08962380446696186,0.02052992833583492,0.0297325253306365,-0.0022583008570905005,-0.06809945141499352,-0.11197221691769646,-0.11908126258982532,-0.09492819597768146,0.052422944031532824,-0.16356725767450117,0.05220159814130237,-0.06221140185402352,-0.10464158253296223,-0.05385796694857482,-0.10978354374165308,-0.10766894703809804,-0.05396875373151026,-0.13188913325667248,-0.0628118708567718,0.03710852697250852,-0.12699096509030525
20120731,0.010064111359903231,0.01111514762931247,-0.010362411522327012,-0.008284883615285878,0.13952997932931194,0.0001894499350302975,0.004709835134034227,-0.020243562827649178,-0.051027363289482736,-0.059407047744940225,-0.0876449951748252,-0.08538240155359478,-0.06059636523094196,-0.07193869973872954,-0.09438113990753409,-0.08944101018278716,-0.08065621965331318,-0.04142467876310674,-0.002440417512485158,-0.07008363013110494,-0.027747591398430395,-0.1496655511725339,-0.06666858170270182,-0.03557060961422149,-0.12801200691961606,0.009219702041387806,-0.08585268060082307,-0.05525509324663988,-0.04111229333022723,-0.16986972281080118,-0.10867796786979511,-0.061628845687759365,-0.1450890825196934,-0.06917888009891004,-0.005353117028243808,-0.11635249338114881
20120831,0.08968634672299247,0.12174896191301098,-0.07422671707822513,0.02329419656974073,0.44856828031325635,-2.703546448692276,0.04464109381761955,-0.05106544712135945,-0.04967193839153839,-0.13313191913869832,0.0005254111550532965,-0.05701375617760025,-0.0807256948521412,0.06182040471470206,-0.05699627142417826,-0.031569649579583546,0.06181930520008248,-0.021439652183355612,-0.02621397227675475,-0.01845447732726292,-0.05859909205263687,-0.020956367219185222,-0.06753515285305282,-0.06384909682452083,-0.09333213575830546,-0.14075236623485696,0.016437668415209883,-0.0824602405886645,-0.10929110679937125,-0.01958613011650622,0.050921444171224635,-0.07817343107810615,-0.07023610123265066,-0.18019568903079353,-0.03266192351170121,-0.04549567302935048
20120930,-0.000616948000487986,-0.0051161132177893805,0.0050863223499567935,0.0014271309658859543,-0.00616214820998804,-0.04363976836325474,0.014211783862998475,-0.01928058751591167,-0.05558839788267077,0.013050720688160728,0.007167908832376153,-0.020666272522977515,0.009528877026647446,0.06153930668454927,0.05457608035184617,-0.016404838391468928,0.004860849746573508,0.011820482099920931,0.06549057818290321,0.08366369203317885,-0.02681677639490826,-0.003544436133328553,0.1074443227102087,-0.007222352955498875,4.080394865737386e-06,-0.018531413557728298,-0.04953512040062031,0.056024188521568735,-0.04363347220474932,0.010547287640729798,-0.023233819790957184,0.034269474714168344,0.022082113128865266,-0.06693367399996132,0.024060610257161878,-0.010931832674962252
20121031,-0.0026741733706625807,0.01119197689915643,-0.01791482669091787,-0.008642952203706936,-0.006050336453587253,0.05868693200368828,0.016907294985873483,-0.003432536727481149,0.010521588178324135,0.04409600887642544,-0.08477366466546472,0.03377944311493826,0.014997784708060532,-0.04191774749318664,0.002271239142011377,-0.019395479157921367,0.0681506397924081,0.027896039302736556,0.024516352161303444,-0.07704072756679489,0.030889695897864528,-0.053394553554283526,0.051028959353946246,0.012628957552582979,-0.017402442360522404,-0.05885907837232563,-0.06874929266432392,-0.026785442835745035,0.015790402000298166,-0.015917198862441684,-0.012684554370511822,0.002894421741719078,0.01915884049444472,0.03954693439915637,0.01126324251796005,0.050761025648591786
20121130,0.0024820444932721793,0.010675808834041208,0.0033396946990392126,0.006997964443806154,0.012369981739399539,-0.02437989293572373,-0.012062529226079907,-0.005712811418909825,0.00206827300123747,0.006772753764756138,-0.1463762134654461,-0.039986765805941564,-0.045772042446838176,-0.13646144729208798,-0.032502101526664384,-0.11982470058851193,-0.12210109048554357,-0.09838718374389667,-0.14102002919139556,-0.08660942900473817,-0.06332416237656757,-0.08794865951097128,-0.017847683361543354,-0.03329149243893147,-0.08618316888848931,-0.02665423560135382,-0.13506877543284596,-0.07381550116867147,-0.07152607237588898,-0.10241475694742644,-0.11349948475100936,-0.020956408399979833,-0.08760736406387307,-0.02836431786050955,-0.13198487528026642,-0.05289170469367339
20121231,0.0032566842853504496,-0.012121562705061756,0.04117511537341799,0.010961875059721328,-0.003582170851105501,0.07000310274707863,0.03407988387117235,-0.0024485289573559915,0.20410639690714344,0.24916361333329365,0.19301892121593744,0.14254051078283816,0.16189939575220066,0.2844082125893096,0.20568320789083497,0.17938698907909953,0.1510368444239973,0.09465334940294032,0.04366739087140468,0.171307103436101,0.10911493833526742,0.22290861496943457,0.16315505824861584,0.1252748388183421,0.2728130249836916,0.1679883001995137,0.1438035319749445,0.14639353309990677,0.14241173732557613,0.12373440150262195,0.20521393287721784,0.17770561598388832,0.13536873852814096,0.3944148584688967,0.11184633387644471,0.06307839237488741
20130131,0.0028740707138572054,0.012227106329130277,-0.015494238495060916,-0.007555067290219642,-0.025745784980111774,0.07874078644811364,-0.003846625776512614,-0.02352326251221943,0.1286434982664773,0.0019312647329469725,0.07827658435867117,0.114668118601431,0.07204706044682704,0.08775163677220399,0.058231439387235434,0.02866586417300304,0.010608266910710859,0.10267950620409605,-0.05133501904708981,0.06699354768464666,0.004402019602398624,0.2008582169001714,0.06541442592277279,0.05315654548044032,-0.04172383740792432,0.02109740295409171,0.03451280507862765,0.06782254658703428,0.019693896018180973,0.018910192517493964,-0.013761133490235083,-0.020707596530279752,0.05932421626533758,0.07977514224199797,0.033774316549060476,0.011414143787428114
20130228,0.0011481386371172677,-0.0053986058786643885,0.020383938109483683,0.010320419365397043,0.010684643891301748,0.027552727283629022,0.13363669948166107,-0.007865964803675855,-0.028366852461420768,-0.011010943950769923,0.027970011274747873,0.0009863751385435285,0.020820725860264427,0.01065118421906013,0.017378831709709133,0.05114538980681029,0.08318265150477734,0.06416244388398346,0.02531570367675714,-0.03690146690812886,-0.03341665980737918,0.07822109588012592,-0.026450814132813822,0.0814521957643699,-0.006360426816035684,0.005447888576040131,0.031836566435057244,-0.035272664805098,-0.007506255023016826,-0.007920146958255742,0.1012632256763624,0.009696334633710713,0.02052876476568369,-0.031118025421557137,0.04071486687193889,-0.024103258363983134
20130331,-0.005157658859316984,0.015868295574273,-0.017103554200085375,-0.01140493688469764,0.00021500767052334835,0.011500112667817829,0.10319982578672018,0.0003889080609171449,-0.07062164124333692,-0.10172803663261673,0.06913511610759586,-0.008517209397894115,-0.12010832563071748,-0.12021194615430375,-0.031027888396596343,0.00965987928888475,0.13630919639583394,0.018951577827390518,-0.05851316811449791,-0.09189816072550422,-0.06757348227550779,-0.05202246731311007,-0.11404833226511964,0.02512041243533609,-0.11783006485517195,-0.10509954204166691,-0.0006662868285188944,-0.04587537739864114,-0.004029514129576462,-0.07609900623979975,-0.018720398564503613,-0.0423067071303323,-0.04846650485589389,0.15399847147940354,0.11074390464097285,0.02410296195199288
20130430,0.0006067073519886845,-0.0023768185113649185,0.07745393083832904,-0.011787681540691122,0.010113870672293924,-0.0027819273308192245,-0.013161749198475958,0.0076300268959392185,-0.01778431887199029,0.017850344899231825,0.05873791606971138,0.055982222155501984,-0.03516131682377607,0.02130534394593053,0.02963948994260913,-0.05813422541915347,0.02847870501503397,-0.011310857899885717,-0.04364492849176197,-0.04573004437081246,-0.023196547339719334,-0.023493367292639247,0.07252588655311032,-0.01666901682961939,-0.021778511451793086,-0.009624490441475113,-0.0068636306499890625,-0.08925620650120844,-0.06499792806543908,-0.04739986752818442,0.056386589474827706,0.0021812857719400126,0.017630059288440053,0.07251112095501513,-0.05818372853553895,-0.11255209319682173
20130531,0.028350467359645297,0.0015244198831486557,0.056765915739157013,-0.04126230888798044,-0.0034867490547156287,0.008567859377543029,0.5584402167882722,-0.0013448649084943504,0.045214142623440805,0.14301846883878747,0.06495059999723261,0.07807540210479169,0.03753474287465779,0.1009500218667033,0.15355036474757966,0.07247332079351276,0.15650083847911792,0.09953246506073485,0.07223869802761967,0.07485590021300474,0.0048399253389038825,0.15251320543273272,0.14554865607511525,0.09689322972977114,0.10057621051945764,0.11932859310013902,0.184187253023044,0.053911643248724925,0.06502335286461042,0.09242948470358793,0.1559139628002642,0.06890571029877747,0.18451675777369334,0.009226888756538874,0.07035965513708188,0.0715502768122794
20130630,0.02457306678760391,0.007087749084392931,0.01244743326297567,-0.006285561480197523,0.033444499724186005,0.00298081952322277,0.20804432876019763,0.007039740361391392,-0.11760584099288071,-0.13394877393901317,-0.055020836064456444,-0.09801833093520228,-0.1776566170350942,-0.20042515677111017,-0.11404763038891062,-0.10318853262993709,-0.0580013964556743,-0.08537801439564238,-0.05973286922779365,-0.21851891673239077,-0.1757777007760875,-0.10662259318608762,-0.13167378752907852,-0.1049795030839181,-0.12189968298805035,-0.18957852875193448,-0.09060436057841738,-0.22554789378296897,-0.16298025771261454,-0.15374959289546022,-0.008679055647676348,-0.15582752610153724,-0.08528261600225052,-0.1377560874144219,-0.11317067519343821,-0.14738499626818052
20130731,0.01752108611455758,0.003145098217319852,-0.0063589920031360825,0.0015746455207997709,0.02986384657230637,0.02449713500313063,-0.0033805317244776645,-0.012299585630131435,-0.042491279472986136,0.004047175824298196,0.11620443594250746,0.024929370434481943,0.035099641558914554,0.0335934906577338,0.016435752658513325,0.060021137462262376,0.04853863232753023,0.10434350547701465,-0.04387904615161603,0.023877946486022594,-0.01640974851343212,0.010287398696963417,0.09105426020984439,0.03386768102424275,0.007997650890890922,-0.06328980005605672,0.22400802736356817,0.021026322842368415,-0.0068170206882791524,0.05752842416406649,0.09405198469134464,-0.01339831569157406,0.026585497803533847,-0.07310127144982381,0.16983873558969806,0.0011019216625434529
20130831,-0.010184099577125832,-0.06649708419605938,-0.008380814979452984,-0.02383624509310264,0.0341757887288808,0.01718511844961972,0.03947862479809514,-0.05132462293104996,0.0046579395814985835,-0.006469550637932358,0.017474780039053547,0.02583172130215009,0.008841928550351087,0.03733617072758098,0.06167583476405665,0.05375959408516205,0.0831693658669442,0.03837044437966643,-0.008093645259421777,0.028574766323358862,-0.017558587690882387,0.043096888120259476,0.007066770830040051,-0.020931501520197203,0.07519258054447109,0.0729218246121787,0.0650080849958819,0.03937340826080665,0.11796807789472663,0.0478124595713273,0.005681880080886288,-0.00733614492830691,0.10230273260526326,0.23110630443084965,0.09791015357365823,-0.047383853235696716
20130930,0.00027894378279424113,0.0021205482240408483,0.028907789564545917,-0.03264969404848772,0.015199799765254204,0.023938246638232144,0.015122371324841823,-0.0007937013047390978,0.048964800597586206,-0.025157984452443424,0.023826492514133088,0.030655215532533746,0.010719677864709853,0.014289387401934452,0.08273012465942756,0.007784106044269734,-0.004027476011378605,0.08965418548063013,-0.015563677780048857,0.008336102919363732,0.0015248509634049525,0.056899234721000204,-0.014806954312379083,0.01222107860604015,0.13107513345671015,0.12488909901027125,0.14109648930175067,0.005826486574048939,0.03296708986873794,0.27307841115544285,0.3313921843459238,0.004584885580698639,0.12820112779816084,0.21036205506280456,0.1952327204706687,0.7828927833569937
20131031,-0.004569174948733202,0.08074081462715592,0.11522385766518767,-0.020734832981553285,-0.024316617316892566,-0.027215753528398435,-0.017826079588586487,-0.043476559967106546,-0.006380047629801633,-0.03794623631421403,-0.01496623435948001,0.054944482673930074,-0.016309223738008163,-0.06360277764059571,-0.028808890609539135,-0.010207147544909836,-0.08048933770874715,-0.06497381074624034,-0.06401723591163705,-0.10219436584694512,-0.0698576336850461,-0.0397312310436312,0.05568705907063896,0.02585484822076063,-0.016936969764921272,0.003346678490619974,-0.046872396260265424,0.015479547878960337,-0.06139382950373777,-0.030985057872355722,0.019973689785668325,-0.028156012374807686,-0.03368725536994964,0.04596806233516586,-0.09387813142141509,-0.07433237905301593
20131130,0.008118821498206653,0.0017371457950700487,0.07989575715074708,-0.010784450772317721,-2.9124763595605313e-05,0.010458248504264939,0.03577628974624952,-0.010115928160104872,-0.008145158728382973,-0.04122833426554062,0.09434612591506883,0.019544870678804734,0.057084418127739595,0.06873179771609533,0.06386023178769863,0.028957599627651848,0.1284689248982125,0.052271759741352376,0.02888516577381612,0.00863665832635227,0.024806009924571756,0.23415486433113583,0.07502011888952007,0.00020618069074662855,0.07314394824328711,0.04989080538368701,0.08404380921981518,0.036835404383583056,0.06965637311359371,0.015255365094695772,0.11094783286647217,0.03381759396811191,0.06812984792631845,-0.030116438852382413,-0.029650521181092373,0.1961505367627992
20131231,-0.006165761308372668,-0.01180338236577251,-0.006333151801770222,-0.03193390624869517,0.009555828685924415,-0.04272207335987644,0.021243849965546742,-0.01078824783904872,-0.053752667000956086,-0.04843974977804168,-0.06179774444883631,0.0319292849091227,-0.043797873699649964,-0.01806477176888344,-0.02291493216467406,-0.028227750346728097,-0.012685023358272327,0.03441765276481411,-0.03412416969294844,-0.07549438794952738,-0.010680693981718954,-0.09246880510687058,-0.05373899350161617,-0.0792467761289541,-0.03325535194004167,0.08275258716704881,-0.005629502567432988,-0.10327515958855185,-0.0538110496236983,-0.11120748425084914,-0.09518996084996485,-0.06384170539274578,-0.02709444422598166,0.057771253619519125,0.03727316920626775,0.09662518778924245
20140131,-0.010653606763222231,-0.0038417859536991478,-0.01784518898512036,0.13275095708585044,0.04520264993663536,0.11907645736981633,-0.024626753658208548,-0.010790933058417811,-0.05764995574780568,-0.04806507810828961,0.05889971763972873,-0.028566686655925887,-0.058648413207910234,-0.033261785609990074,-0.0493351680115997,-0.0194832906258434,0.01793462979856097,0.00313000875589452,-0.08263935032610101,-0.052776335801897466,-0.09415316371824696,0.03768250024327734,-0.10006642521538713,-0.025797548701438466,-0.043096084139671656,-0.11072400977408714,0.14843076556768192,-0.07743596663072595,-0.0455788501931327,0.0004194023452408092,0.3519210663138469,-0.10519796714395063,0.00872542139789221,-0.1725237179209551,0.06370259383898379,0.2343829356780155
20140228,0.028752879578725108,0.020887300512490003,-0.023061950613072476,-0.02406921471908837,0.07805221135493856,-0.035222059158349195,0.033025366972860216,-0.023765718233737215,-0.0035807105232657874,-0.09967103254798704,-0.022032688597521943,-0.04021979183346475,-0.03906407242760714,-0.021048779261499572,0.06181744069453378,0.02591047460260498,-0.00846936136506006,0.010895159835134892,0.04490257076594063,0.0464489903909214,-0.035974705322619184,-0.04532599062727103,-0.048599166309331455,-0.027275858278917604,-0.06189213511471097,0.018689554311052015,-0.006203053540527646,-0.03304885109429555,-0.00951240772080687,-0.06781847224002754,0.03187516421745341,-0.03983057458324313,0.05566369859134941,-0.13901578779102106,0.12185301391280057,0.017433242717976444
20140331,-0.00016270079880379568,0.017062594721906486,0.020269139238082254,0.04099473553356914,-0.03313663748010277,0.15080281877969962,0.02306357676238271,-0.022436622367364864,-0.010793945095346816,0.2037548546813465,-0.04674518997774709,-0.008909963052438855,-0.046602827935439406,-0.06758749830922686,-0.03750642206253889,-0.018199180746251382,-0.05532720566683021,-0.05844596490940539,-0.01430350460332807,-0.02605482918834268,0.005044928485445622,-0.051288922178206645,0.029291832520283313,-0.023590940149753544,-0.02295553553885553,-0.04123342824489558,-0.1318566264477982,-0.058533908756006836,-0.026485555409399023,-0.12607941978661089,-0.10258582129642593,-0.011789545577371425,-0.05255233385143316,-0.014089987766614062,-0.05576640783536161,0.0011395938042036897
20140430,0.0037393875035423097,0.012590133829296293,0.003225911440846464,-0.025216085789315314,-0.00653172239103042,-0.07413927781105796,0.02633121995175652,-0.0036937726394349803,0.00983203982038808,-0.01006712721791914,0.008198057254412772,0.027559229033360968,-0.025988812784437026,0.0269662024677186,0.027309027852072513,-0.03469257362197684,0.05915949533976538,-0.018565909299626843,0.02584117662143645,-0.027721401623505837,0.01054399886575285,0.02066537255004334,0.02330180069801049,0.0065329602276104175,-0.07955024210045847,0.04015660035876738,-0.024009275102783674,-0.009691876187290827,-0.04219120133257466,-0.026383996479553546,-0.00970721026606568,0.001985342855178242,-0.047942740964103614,0.02230192585539976,-0.04883328329697342,-0.013127835671813722
20140531,0.001840056662061844,0.00837487848484366,-0.034659160906575615,0.014033860510980614,-0.00533058332895411,-0.07722521808280777,-0.01343603951289696,-0.018878639412262668,-0.016525168236411585,0.00605947166592484,0.025252362627566746,-0.014947752911702661,-0.0245307780456502,-0.011627293854547322,-0.0018373983873499486,-0.00011418946743575221,0.03374356272915546,0.02371982634745546,-0.051494725225719074,-0.007737832761278287,-0.049549383910984235,0.0500829510522367,-0.033775119087838465,0.0023168155891218596,-0.0356767446883421,0.046393309466634204,0.08894587447189768,0.018254010685073967,-0.024814662452584506,0.003182943208007702,0.014007710805946821,-0.01692908144233858,-0.02792031351966635,-0.013252044112825791,0.03226105543568155,0.018792922594859547
20140630,0.0030665658911852058,0.001026755359302112,-0.023137249133926216,-0.02471829843314625,0.07601538609100003,-0.048823550438824866,-0.013733189427777348,0.005263001464938411,0.022931869278878202,-0.011790561632163556,0.025838023575795083,0.030648736693103147,0.06593709910027877,0.0123543888673356,0.01897779351185486,0.03315227469690947,0.023876345467711536,0.009653462611465151,0.012165534461656347,0.034555637060072385,0.04481810167476756,0.1070504907010101,0.0038719473182741507,0.03566916751881246,0.10715107658904578,0.07382833926652643,0.038567381153029726,0.02032120779089737,0.025338043342803884,0.001975929933294894,0.07472248801975784,0.02282500617385606,0.052933437347963824,0.018809406777231932,0.07851649650417143,0.03740666665939411
20140731,0.03558064632091256,-0.008991187922505882,-0.02274238298225767,0.01593021252177041,-0.09869558425041669,-0.004250088624298022,-0.0005826121700300349,-0.03690447682706722,0.08832505551269076,0.1392735263057716,0.025216774546223432,0.06251032438511893,0.06848274726570965,0.12131383929172315,0.09670499916504127,0.061084124937212395,0.02494236865467335,0.01927200811296324,0.1228240791160113,0.10217967636028283,0.0698972078206579,0.04687722300487178,0.07326686005590088,0.04421212684544176,0.0630477986510827,0.10727797990304314,0.044299616026555355,0.12171175641221306,0.035648897155591705,0.061821108300726915,-0.03882108759678149,0.06061174423851211,0.042155010114665825,0.10059993584663472,-0.0054153320990265475,0.029360302969106064
20140831,0.0033855046563618044,0.010837781784774844,-0.08358536195055918,0.0392497757476621,-0.31639776131236935,-0.026580380989459286,-0.021042281944151,0.009765591176897109,-0.03580248615099546,-0.014982201500161278,0.017645548051352586,0.016758981950341145,0.036336451220203236,-0.00018944467750512534,0.05313080294221145,0.054040898025745375,0.07846264392817921,0.02831463226499415,0.004803866942968221,0.024581900809803388,0.0774328124502986,0.04889767295683989,0.019294738909656703,0.0894311590047403,0.013155091314160684,0.016272470858299956,0.06942402110261815,0.038913450412415264,0.04262388291943387,0.026950014804484994,0.03845450379189474,0.03325091550645541,0.053409615434265034,0.03543984393815393,0.04742055192459672,0.05680808108381694
20140930,0.020390928365740423,-0.004501559578118447,-0.09703638017491131,0.09719947989610891,-0.013464743319482497,0.07978926846486978,-0.006002105574638476,-0.027091251305964265,0.008467647313836923,0.021563817604328017,0.09123970502346425,0.010757867357867915,0.053655825813519825,0.08575377282267932,0.07379307158394932,0.06070656669165069,0.03795721768820626,0.08987342605231638,-0.00530216831034716,0.010517289866701217,0.07136822932791859,0.2310310658807415,0.06107108872131314,0.08562864066577595,0.054843438430487654,0.016455880643847585,0.11274294953380856,0.05694248604230144,0.13433821675387655,0.08288117345083044,0.3187815830186232,0.11712072998489706,0.1302248674050965,0.049979312085306656,0.05325770039556491,0.1683531767730531
20141031,0.0028232336263934853,0.013796646126766818,0.1095951701412198,0.0156596521927776,-0.10828505956706905,0.12077777270251353,0.008689562586843665,-0.03183130397274657,0.039381813026106924,-0.003753804391384375,-0.011624165742900096,0.054823301299764496,-0.00857407702194975,0.085794879525803,0.027999386741757882,-0.02436470488371527,-0.008487845800710025,0.05734960547772567,-0.053304966388203374,-0.030105157859603566,0.03052028178150072,0.02214060816623318,0.02124242200347281,0.04282895577978475,0.07078583001373631,-0.0211765959314854,-0.0012065591535229334,-0.03243938315760285,0.06514823535186351,-0.016649013245583,-0.024120150925784106,0.0592080177244664,-0.026189470277882418,0.2325494572683718,0.005849665603975986,-0.0006595239753701358
20141130,0.021594793050377238,-0.03389921000867435,0.2836442418990694,0.031074633123083166,-0.1145423202871523,0.04240304632725103,0.048071481195102475,-0.05414111597367698,0.14432153807678966,0.17293650906202274,0.014084120456964527,0.015592322798777933,0.09262774419742492,0.3728672379557062,0.06231366776880511,0.04177829155406729,-0.011936007546122158,0.03630292352248949,0.019721206312944856,0.06569853540509145,0.10798862718728838,-0.017092761161309457,0.09337010237532661,0.05976834778855031,0.09297798956271636,0.05215506443017637,0.23465118850725336,0.029212384503702418,0.13697697490182417,0.13629371240054503,0.0866898931227583,0.16788744596045746,0.02905059370515023,-0.0449697882748565,0.05869080181722306,0.03172139407764674
20141231,-0.023317826847600948,-0.03096479619142592,0.03209242996446989,0.0797635679831682,0.1484552101099914,0.1452042903145584,-0.0015683676647622602,-0.06736239471758002,0.29527924659167515,0.2822639232985043,0.04483036715872388,0.07651184672498788,0.27371827663877124,0.4611525698995962,0.06508479730189438,0.14269244912987478,-0.005500028098208463,0.01693352579957083,0.1373423900352445,0.056430949689184634,0.27580664426887963,0.1823607404360931,0.17214115721687628,0.30466935215257807,0.12391070642836252,-0.04226349429258827,-0.02735937184003359,0.1537122265152708,0.12697509099755253,0.11718569082877835,0.02353213801413471,0.5549178106676083,0.08230173349922659,-0.052139746102291905,0.14337688114229347,0.022513029459514663
20150131,0.020643408934782094,0.029378977777026645,-0.0040498890693244985,0.12004864575613322,0.18977362358681948,-0.012135999435684983,0.02367942318761472,-0.04898751440445309,-0.05039112075408802,0.03127581051900161,0.09624820565877841,0.09752338717397377,0.11334015315750517,0.05157833116621198,0.09406530380758787,0.09753278534557192,0.1027248029328628,0.08345297611380886,-0.012049350052227691,0.07463000331821183,-0.01890447872715517,0.10831882447369173,0.06760160560281318,-0.0019026099541254258,0.043586870872678,0.14564182813609367,0.20231246684230692,-0.020905475127202366,0.076709199076467,0.07146002358155738,0.1363519475297105,-0.029826103144838953,0.125675426759435,0.28065039230615413,0.12842710525037182,0.19504819450349026
20150228,-0.008603066337536245,0.069679572792451,0.0019096898325770342,0.03954888979153838,0.0008617279416465798,-0.00038707165074226835,-0.005021091516756127,-0.06748385486040193,0.03631290069739202,0.05490934320591048,0.15099958878636482,0.08232040721185846,0.07030485228415613,0.14547888490727623,0.09595255594754229,0.10088850088261525,0.09735130360042094,0.08257138075421434,0.017356484785498144,0.18079741572842115,0.07383472273979644,0.12047304352739495,0.00990465604111071,0.036242299816291526,0.2501660928142091,0.10432872754744667,0.2386966984814714,0.017402087726430843,0.054272786305385616,0.09234181461352291,0.09538493071424842,0.14048135611617485,0.045569817964583516,-0.026780766993241847,0.1645286359325733,0.21719189108082165
20150331,-0.03939674719099445,0.003686565151309811,0.07282284944522557,0.003522254178798659,-0.05971046921723103,-0.0042727023901875565,0.031527343701398494,-0.04764953333183373,0.1349811628326833,0.22909956514827362,0.08824172969301555,0.16472874163456078,0.2365604931519921,0.19661590357763936,0.1557241615873125,0.1587209067278954,0.29004348866088425,0.1828562856444986,0.08647162663294992,0.10337251136767509,0.18206350344941594,0.12634290328416017,0.20302076077526607,0.14419386183648364,0.27273878401003243,0.3029728733219528,0.27556111118847704,0.1666660896707604,0.25058434974613336,0.3637465411149067,0.1766535740449373,0.25623996260837817,0.33122105367623855,0.17867074806582892,0.48311741474710124,0.15071944448840868
20150430,0.006949610417789591,0.04149693254526404,0.08867874068242261,-0.01838821511070629,-0.1593017451420204,-0.004398022566509278,-0.002897550384702935,-0.08819305482780546,0.2188947458225578,0.3128508721466561,0.3187316881679465,0.18710386875577678,0.28190345795627775,0.2517351530523438,0.43262006551874016,0.25377342927922025,0.157838975048799,0.2688114353078897,0.13880603249604878,0.20338042586633714,0.27822467361727743,0.355933326151857,0.1561927919690666,0.3243575314014969,0.15703791477906193,0.21980995137337955,0.316879171901295,0.27268899352910375,0.36717135923542293,0.12965263485244893,0.4185949377771731,0.4796034216229328,0.2216984079249533,0.15078887362428872,0.17465571252762913,0.22814504557559917
20150531,0.053647324970776726,0.016796728325858275,0.04790994788552018,-0.013780620730117595,0.33983566973139356,0.0029005356645595837,0.037944437261232596,-0.08606224968103529,0.06306827244094967,0.10880852599003137,0.2941908783373978,0.20723081122383896,0.30990385754322763,0.12819357547778368,0.20711987840477322,0.1708627505660325,0.38679434272026636,0.24983720571406862,0.057448879866468454,0.14898228043684264,0.11422054808992262,0.4317694637831341,0.2970362996914672,0.19143348514665529,0.36649500586372913,0.3972284507771322,0.40456435117164763,0.06338875168360358,0.1661601931994014,0.3796378935437078,0.3325307196650036,0.08049557024196949,0.3202154035393229,0.24519263732592028,0.15464181470165517,0.08825688745897836
20150630,0.07516917074610124,-0.02102782296299876,-0.023932690953119715,0.011101014314253347,0.048946551705368165,-0.009056892759212145,-0.01013330593479067,-0.027783369642258138,0.09242762494984111,0.004475715303799865,-0.14275670884509556,-0.052538378508587696,-0.173810626859352,-0.071354994952719,-0.04049810647553646,-0.03477495748886743,-0.12128794370687906,-0.06911616153939407,0.06511745157499421,-0.12757174284363842,0.1460486044387864,-0.05936144590252264,-0.061606910655552335,0.09129464800181544,-0.07583060003148298,-0.040460874178672376,-0.04304752787057403,0.08758811740769185,0.06088642272548144,-0.0817424567500777,-0.08773457897799658,-0.10321822033865256,-0.11759240978911958,-0.030866899208779785,0.09907107683492598,0.19418094594689025
20150731,0.044385615134223684,-0.0027728305977597414,-0.021260143881846116,0.013066848175075852,0.0553494993259416,0.003554181861246975,0.0072814407253233085,-0.010103401617424549,-0.10519382805614695,-0.1453903272565851,-0.0021412193388374544,-0.13095073161799686,-0.12848680803903145,-0.1962999574582494,-0.12069937678878345,-0.13233203922308373,-0.025602292906546635,0.01479123309236735,-0.1363257903365354,-0.16939118833188402,0.021735456022905393,-0.0646312786440488,-0.09902653231223678,-0.044296899883554806,-0.10719578798713253,0.024322803367494754,-0.1452077810713645,-0.21765211327195205,-0.14544838068734117,-0.18898127307115575,-0.08700348424038813,-0.09311885068766822,-0.08690257982737301,-0.07603521048141271,-0.14539959668272784,-0.18695675838217504
20150831,0.010082150828527337,-0.021094564092180332,-0.01931460394373005,-0.006589913132890026,0.1084838138437284,0.0016002370400091323,-0.008833039789779045,-0.023985806341821375,-0.051316929030212406,-0.13881748730325444,-0.11396151439647187,-0.13207945527542664,-0.06698636237163749,-0.18160463297396756,-0.10381151742933484,-0.11499433215896268,-0.1543885651707475,-0.09277651589090176,-0.09894263256035218,-0.09852505087328005,-0.11496767915631009,-0.13197058806520867,-0.030037855322085937,-0.018560783128615067,-0.08164169961158052,-0.10984153046959422,-0.20427387814286774,-0.12581757086035839,-0.08837183919597331,-0.10909691105679836,-0.09958170093232437,-0.09419764135384592,-0.08158624025977018,0.026422470381547304,-0.1957895598698876,0.09095930843677733
20150930,0.00100242469135066,-0.005973643513225403,-0.036179688720577245,-0.009236593258672654,0.0787053778972072,-0.00733057458089984,-0.014252646769268018,-0.009693862553224204,-0.016274352651774394,-0.06659875312393605,-0.02828961106119771,-0.06330513166486423,-0.055318477207794446,-0.043018288125646995,0.08080991537184043,-0.09159736544262398,-0.008156913304334143,-0.0060712828998165345,-0.04573814025506584,-0.025994797736712073,-0.168365234970763,-0.1348665482287337,-0.03167708966650891,-0.05050145518424841,-0.06385520563126452,-0.03936874497279078,-0.012898263151289408,-0.09139662217389655,-0.017280633015677678,-0.16377107670673965,0.11062605210185672,-0.028637754672423518,-0.036572166547763255,0.04318027889246343,0.1399022927229331,-0.07305517248647368
20151031,0.010922146684943616,0.036323419318389685,0.04786788214773478,-0.0013081916622275577,0.08396687285129875,-0.0026764138733853717,0.01300230787647743,-0.022403451194896173,0.06611057406370349,0.14641432715198321,0.20168153081718923,0.14417530661781047,0.13344195629409886,0.20868601855655897,0.10465061810892504,0.20557906852355323,0.1462383357102586,0.17440036639954387,0.07202517506807117,0.16865554160293106,0.03008754533402014,0.23046053803477015,-0.05683976980740816,0.08074313467120828,0.14244201617264324,0.12912224978682735,0.3919490835739212,0.08063089714005497,0.11002668552044174,0.12012831492305791,0.09094302876794144,0.12609405915873162,0.1413183281751872,0.08022050067584843,0.03269693800437766,0.15434131471703208
20151130,-0.014538287473643993,-0.07888356137209891,0.03508212090549473,0.013315424968971716,0.03667412341236284,-0.010510303512859018,0.02429823092031187,-0.03975890368311957,0.0750335675395003,0.11588073178299244,0.07586825272749498,0.03672966149387102,-0.013273978452965282,0.12805488314672647,0.08258923331825163,0.1585593199135237,0.08218005611868959,0.018351878805433666,-0.020971297888591114,0.1572633284187661,-0.024264607120806025,-0.013952694495288335,-0.034805203728777656,0.030663091808355802,0.12226566198141883,0.06048790770288134,0.06116274665857667,-0.016927893288254354,0.024545802635811347,-0.1446444058770202,0.49244084860095183,0.01592970383257545,0.03748074346567941,-0.02825109340570568,0.10048092859475583,-0.027094130239439518
20151231,0.0038870338949575176,0.0009615560079121732,0.017658348613179484,0.060643535092071224,-0.04711396524718912,0.029553442946253238,0.08506761224479023,-0.059330540214027686,0.08345512722795631,0.14130379313056,0.08728678599010292,0.15787965423302297,0.020600847237720904,0.10908722120656936,0.07622813102054843,0.046819985597815264,0.050029692294256384,0.11611700628419602,0.09328420358935326,0.008595051413441815,0.06209977066983391,0.031522135665112694,0.040225032741976655,0.0461224063047435,-0.03310575499937922,0.05951345885697498,0.11069429461820073,-0.021305754228918335,0.1781887457613567,0.1497431246544957,0.22501043937155027,0.016039298253361263,0.10881114437014633,0.16625705549843223,0.11680061157743647,0.024822286609917667
20160131,-0.010859018400979751,0.006860270214523394,-0.034117077487223944,0.006406430239521692,-0.005780074584380374,0.016338428072595616,0.041627288078053666,-0.01748207307401821,-0.14006731097082858,-0.15009061960110054,-0.25979262873881187,-0.13182873561597266,-0.2448377700785092,-0.24971419625536473,-0.1725235837057142,-0.21860525396417235,-0.22468383158800875,-0.1955917516056751,-0.16150831304693175,-0.24890971711975196,-0.08276172667424442,-0.26844657328464205,-0.25396185154102485,-0.2193581959656263,-0.26524980197350106,-0.07829140719363845,-0.2274368632333582,-0.16088729608203703,-0.1788284779821667,-0.25490817557423723,-0.16551331140657757,-0.25720662641215775,-0.2743495328610572,-0.12414658253057792,-0.19557145961632247,-0.2809937181664747
20160229,0.015633701207860628,-0.005024169728604682,0.02754708600660961,-0.025582036928509782,0.06577852960679162,-0.006340136039549079,0.011711390214209291,-0.021239403378773704,-0.012228297246508287,0.06090823056421239,-0.013162944948225916,-0.008793704552765477,-0.047242674948262744,-0.0563717963904119,0.035953932250201534,0.0023355340088909576,-0.0004480487426831523,0.006315250414919773,-0.029210134638114352,0.0870066190826177,0.002077568303658197,-0.03464846314943469,0.027945118585373546,-0.019699710664032,-0.020053373260924264,0.16139810065155955,-0.04360656938390824,0.03071086480406441,-0.03698824580526504,0.014286524183084426,-0.008397669538180726,-0.04228787383042039,-0.02514774109300663,0.0333335232142264,-0.055986666626052804,0.06579665951218402
20160331,0.043172204003623454,0.0033489298648704813,-0.04269713918332775,0.006165938298021673,0.10463776912766728,-0.011314004779781216,0.021111968384261118,-0.025128183145585518,0.08845915881623057,0.12001784905344265,0.15111289539118714,0.10691138068120035,0.16748994958065602,0.2154521991292336,0.13165693882558227,0.15453422339307382,0.17223421660254673,0.13762565219830902,0.19066917502551078,0.15279726714626135,0.02948813927957012,0.20851737418364044,0.15068648585666067,0.12366387812030329,0.26998593990049646,0.10909856673637265,0.2771825134615511,0.024960842352006206,0.14525488675474973,0.1423331822898563,0.163954760649205,0.15816046106644838,0.1506809412481243,0.15062515111175426,0.2163454215146037,0.1524352782315043
20160430,-0.01652796691575431,0.037539546971767895,0.009135907345308194,0.010673097113149795,0.059615854412955374,0.016584551597054492,-0.0058717087192993594,-0.0029011208579911435,0.007653622298248192,0.0273703922632133,0.03211584981290294,0.028451971690459647,-0.04235593599212444,-0.05217487292433598,-0.0006802743952847908,-0.024692818639781844,0.005976061207041505,-0.0032384321849125326,0.0009834331875664985,0.025186073915401293,0.01657241593502919,-0.09749546282799496,-0.02833380353120949,-0.014162200812380227,0.011895383132970123,0.006848549452332726,-0.02421662143065626,0.0521197404297145,-0.012510664296497062,-0.05939752055549192,-0.005514484546607783,-0.04107416690283933,-0.04203874273514462,0.1390662604501675,-0.048849876449655105,-0.06647168019043798
20160531,0.013737280759185727,-0.0019331188525170198,0.0062641323393186656,-0.02597876657359404,0.07496311786606233,0.003893805057448821,0.019697606502955618,-0.020989286214764376,0.028013864215783807,0.05509424259655939,0.005809508736258458,0.06822531508716513,-0.026210107999496687,0.04520898903775315,-0.009596538666965138,-0.03613104698526509,0.05823601805879909,0.03765930728568312,0.058601876721665794,0.049559320309828604,-0.06531569189037723,-0.02678071152458665,-0.03974964226001157,-0.0084819628643685,-0.047038730499473366,0.04529822942128457,0.0657108505375035,-0.06301833229774641,0.017125606562602737,-0.006263473958686241,-0.012319436456926982,-0.017041889235750438,-0.02341896803013429,0.0642598433073936,-0.02895637955261764,0.09782474143450717
20160630,0.04232337120929021,-0.07794595829095152,-0.16124356921756638,-0.12682214349005147,0.06875977103116274,-0.006596119018072131,0.02822244139399542,-0.02327205077202812,0.004355499934684809,0.041695240876626134,0.03137874075844503,0.04301932844084449,-0.02754909392307825,0.033814895963403216,0.007413442998134481,0.04200989641886357,0.04670776913614477,0.06348479345588202,0.07963638688277402,0.06277653907203688,-0.037003905624792124,0.0649970687451758,0.028635813528429154,0.004072836258514122,0.07106630876883144,-0.01738836901628149,0.08858964390509314,0.03605850284441127,0.09992511783761832,-0.026461471908510115,0.05725731427310203,-0.0013225446293754278,0.02517107681198015,0.11590123176052472,0.010413035561705048,0.032699331056658544
20160731,0.0328097781772573,0.06803324420103807,-0.011036841033838299,0.12363146047212327,-0.045387990559475906,-0.011266679406001144,0.029526361037001972,-0.027489714816568,0.060988941797793385,0.060829927569764304,0.11821751244827533,0.11363528163534964,-0.004957500424715615,-0.001868228917337524,0.12169757331515882,0.046476000059481465,0.03716577716486592,0.10660688144123687,0.09254674628364565,0.03719522144331678,0.02457838167551046,0.051878357014031776,0.11760674118418898,0.08942217910251106,0.06959928423499077,0.02149735842741353,-0.0212133762511558,0.03743206019188765,0.11966621819146586,0.04315511447474031,-0.022518803287166798,0.0465812568645228,0.05488530210673459,0.0521425423449484,-0.016751103274673877,0.0778363815062529
20160831,-0.006706888196292457,-0.012647477609641253,-0.12080256577811196,-0.07382873017749611,-0.026612540908211843,-0.009623607601097463,0.005904687615797913,-0.01070100088254012,0.07356282218911027,0.13087634538298656,0.06395959602484466,-0.012972070950802925,0.03259955642617192,0.07002722458554322,-0.004669026225751062,0.05932171895544992,0.051601945932679714,0.02314452267714812,-0.021957229286333802,-0.004016062532257515,0.10347893192790714,0.05537889061846207,0.07486230268303155,0.05836012268218606,0.1646580691740981,0.0391050045795065,0.024141853435646784,0.03676440159316141,-0.0026135024178436054,0.0794744518567005,0.08592991623336774,0.10845188815111508,0.03453489990110307,0.022120813226810247,0.0463116655251352,-0.04259694219000476
20160930,-0.0035194976423829887,-0.0595514162510844,-0.01368842354654316,-0.06572166343290695,0.08055731850771877,-0.0006231189547764235,-0.007088784429849714,-0.05016798761287155,-0.003422077384061882,0.04791953197561127,0.02500072000830841,0.07577287301057856,0.0050667945559815,-0.012959654890404458,0.05431512028255213,0.022375481809848493,0.11991733446900445,0.047335037823450304,-0.017806965241746915,-0.06401420765829925,-0.0076797683526789165,-0.01906651067848684,0.10334494763861427,-0.00011139349110574764,0.03437351841575133,0.003584941118835909,0.006341850680272664,-0.020058598096486472,0.02706432052562458,0.05575407840464082,-0.008164197349247487,-0.014307563510626828,0.0339699236139631,0.11910587344604567,0.01782041467720506,0.007706042092489956
20161031,-0.035746992621699065,-0.12886119161460868,0.013852471406989697,-0.0730466112266368,-0.032291295025838586,-0.03350241250923334,0.008722712902120776,-0.0326740165459033,0.049258046004174286,0.01786853990415333,0.03392010680597713,-0.0020077854571097283,0.02532594662323281,0.06263796427839238,0.04585351249639419,0.0776449492612741,0.20992135029661269,0.05314379326520334,0.07846479535832067,0.057196234348989516,0.08935345876034514,0.06114300309534755,-0.0410962811788204,0.029455044273546664,0.039984263106629045,0.013119317956516448,0.06509556399266628,0.04852765373424542,0.05551820452538237,0.029281277010529135,0.046426579554536856,0.10902509747298016,0.02343647186588827,-0.014574613544332156,0.017595236002661094,0.05665420302752114
20161130,-0.012111973149563002,-0.2190753516792274,0.012713357775842316,-0.032009923041871155,0.027200583472837908,-0.025074186964682842,0.003094487178832952,-0.05815301304065981,0.09110906935318902,0.12000139277275658,0.11488513301873361,0.09188091383590506,0.11637975008247987,0.09097294466280453,0.06425507321640189,0.048609141982985285,0.1594853276507847,0.06167621478079425,0.04441299763262137,0.06961471319315478,0.10932069851542454,0.0833053351074745,0.03427896427489981,0.07619580667174286,0.05428333960641944,0.07889571742376293,0.10052799937126304,-0.010952865753093996,0.05135830853301606,0.11323410161429336,0.12732784544255807,0.1956991187333224,0.07426397096803547,0.007532114001594072,-0.01703494767288656,0.06320766584588443
20161231,0.009492004745623839,0.061941066180249055,-0.05002190627530655,0.09290688998797843,0.021899748506588417,-0.07558687173723586,0.061260162735717584,-0.046944447704806436,-0.001709539255811337,-0.040776734246808125,-0.013802751667821217,-0.021705286568959377,-0.08438000298057866,-0.05479912239902222,-0.010520577203095322,0.033771064363033614,0.06715032521959563,0.004001737603968252,-0.00017438435454818213,-0.06548540962750649,0.009771595276202333,0.14984490197462003,-0.02868391397735355,-0.013487932296350277,0.008982500455553516,0.012625173542537955,-0.04844183208473936,-0.05636263372208546,-0.036204850400529995,0.029781521849581105,-0.02628792545581888,-0.02959679088333608,7.99444668887414e-06,0.004328411069789338,-0.032209683096509595,0.02489041517135858
20170131,0.03076710936654873,0.029862704320850454,0.007147454942255918,0.02179893150220018,0.03852077460054516,-0.17636058749029554,0.0634535499090689,-0.03636142069132393,0.06551115097173323,0.04126209623884251,0.00900887880724511,0.04437963975750017,0.02103374207533491,0.015151197105661261,0.060817933687924514,0.044337190505937554,0.1055584284456229,0.02489946861040955,0.046208537660310314,0.08054556694709614,0.13360828868881208,0.1380019440750484,0.11525874324376933,0.029100763328307556,0.01789874946555358,0.032595415695272745,-6.403444069887076e-05,0.025282746226135192,0.03571710057450039,0.00964117519687122,-0.004108439287361992,0.04240006425422792,0.052642855384609444,0.05867659993785081,0.03609954400700575,0.017698019200385908
20170228,0.013748499586536077,-0.05107944647320688,-0.02416526868932283,-0.043338437095064866,0.03872241135226372,-0.6011005684547317,0.01565451482851781,-0.03123411100722837,0.0653407837111008,0.0601823503605286,0.05429651839177445,0.0827601771732682,0.08228126784053905,0.04432404028826065,0.05958560166155205,0.06146066597064729,0.13149655490945927,0.04214535072745243,0.07986209240368058,0.16512107023070746,0.047894909252503275,0.043950452450987144,0.08601169201168186,0.0554493340212023,0.18018618526940483,0.05994462034312438,0.054634732435335245,0.012394059074369457,0.1128789228745591,0.04383624662405578,0.10314189425188777,0.0916072388784375,0.06159008348463871,0.0760669570850396,0.06560893734817883,0.014658036133999278
20170331,0.014790784707936985,0.025999681569262818,0.02679483153357544,-0.003468075747038007,0.04302906725436174,-0.054349241507116064,-0.021400082754820637,0.006311840384477921,-0.024496056755124,-0.024570407796347365,0.03024409121979177,0.07188242595400254,0.042050122759978624,-0.03893943914207404,0.017167394519871912,-0.0094016633162485,0.0970227431642929,0.023279918423283794,0.07200809900535413,0.06011630103370888,-0.06315708124441131,0.006854583843641682,0.03606912637773657,0.025144235799109498,-0.061767321446445464,0.026847705451434917,-0.02551776181606177,0.013413475481482766,-0.03130326866520853,-0.018954220923178722,-0.03131182029743512,0.007811417103538028,0.030971868586636732,0.2386957045305888,0.03308788997027883,-0.0013357638007247888
20170430,0.023963995269346318,0.009474584541719126,-0.012894065581104057,0.016482861722405026,0.007379855905251441,0.02120351062124992,-0.00032502280431140687,-0.046544749390210506,0.0031581647652156736,0.09860522120982884,0.01968731274135604,0.09821842582116067,-0.033815105788894045,0.012233548727826525,0.05213185716491629,0.016948989650238618,0.08885330467897143,0.06000933831691674,0.05873701278417464,-0.00533370237605486,0.12288281698360976,0.012067862057263498,0.13499896078677817,0.07707235220084024,0.2686799215074016,0.0735375075846964,-0.010869103268646218,-0.03327453964607163,0.10216620208551574,0.01433824083408241,-0.015062623710975834,0.03288170050845389,0.05110566471685749,0.13600538954585287,0.008219582329277608,0.05901347589491726
20170531,-0.0032267031358862823,-0.02343395614059832,-0.0020256122524027267,-0.004530993021718294,0.006871316682373715,0.019709762111196488,0.012548450486194905,-0.02365548636459077,0.0648351552185434,0.04616802073958615,0.0232655814240973,0.0756383005264554,-0.038290834537528545,-0.004623831024581471,0.03822843474201646,0.006794446377077773,0.0010994139100155651,0.025156625179138237,0.07827953494754002,-0.06291493952507565,-0.02494526456363539,-0.1562599309072738,0.05124602135242938,0.00690589907144493,-0.02248192004742426,-0.059323529181980625,-0.011950375411696608,-0.026163659487162635,0.04201770858603811,0.07703233461538388,-0.007487851679599596,-0.05931127661926279,-0.05778722016018968,0.09358714224852005,0.048927383954958145,-0.04256487553292468
20170630,0.007146975972556849,-0.010315380057739972,0.01734260820611123,0.007294634849437163,-0.011204022195602611,-0.030055907908534046,-0.013249381265799623,0.0014981564991890547,0.0264562790554365,0.04119696198540164,0.12316773593098819,0.12592783151165754,0.07218498060948346,0.032390164667582017,0.10108861735727741,0.06866370009690978,0.09450941379648645,0.06338786213110814,0.08558664911800849,0.12216880332710764,0.04169021384617473,0.07646793224707538,0.13161232698680564,0.009965519620059876,0.041849703964832105,0.07618173527727279,0.11963980428788222,0.04013249842502839,0.01774164872147332,0.03112160253496534,0.05283843412985208,0.03810639828245138,0.08790282017717363,0.04960359708323432,0.055362387179056796,-0.0003033467647155009
20170731,0.06844181138544311,0.010528000945400746,-0.002763203364512407,-0.012927319719989089,0.009436099752296154,0.040471728211268335,-0.005952173237227604,-0.01717161954592524,0.08187521052005495,0.009371568688595774,-0.016617806146107403,-0.0046678830541260555,0.04556273142581105,0.0628862020011531,0.002644473356114174,0.11918451831533144,0.014280772206837516,-0.0441743042135045,0.03697420789451864,0.316811175589811,0.19894665406581968,-0.03896632188113081,0.027184431821112763,-0.0014557432156777576,0.008633672930099874,0.1060618281911805,-0.011284643387342436,0.09445646119686572,0.032243464741779665,0.03521542824960004,-0.013170415105816784,0.05013269297054558,0.040443347722729416,-0.010491083981307913,-0.04158264839468981,0.010288953609788248
20170831,0.04185183749923203,-0.07897556022552844,0.025075447906121574,-0.015370069837588214,-0.016794664549714584,0.0020067909657454086,-0.0702421964023016,-0.017563666956079298,0.0301683154773549,0.006619707248733091,0.08116962849251863,-5.247354744031263e-05,0.004179436886859572,0.09116279383724596,0.018007026166545245,0.0032514679759985433,0.06717528413549854,0.03850482873891225,0.06654467154260071,0.08533869130103132,0.045201470736692326,0.016977593783538254,0.03269314812839519,0.01766020054745832,0.1151649099083246,0.1502975487644686,0.10769190638892195,0.004325015356214197,0.0558745316628717,0.007394650236984311,0.034125048502029125,0.013354034304378072,0.024103829932668755,0.03009546194420303,0.014699369947457661,0.023265442784722923
20170930,0.0061441707659562195,-0.02277416420693902,0.01942221570196036,-0.006805012224398851,0.019140872299579607,-0.04343252952503528,0.014375040296189554,-0.00253071435515602,-0.023409382959532658,0.009182080102607534,0.13967769609268285,0.03395214842193861,-0.029329843636986454,-0.023941861805153397,0.09523467846690205,0.07067924263678912,0.07260210084960991,0.03563796308123275,0.1108200135235771,-0.005605744948669805,-0.07296170417095077,0.016366245997683777,0.06167822499653091,-0.024809346295991994,0.0012747010015297065,0.02895998136336794,0.0201749649682436,-0.013595555833924392,-0.01578789046402803,0.05468165102296582,0.008354925146043976,-0.019588794630911257,0.07386760666696798,-0.029534160024915053,0.06405136640794362,0.06012993699534738
20171031,0.011881328887880713,-0.040031499722326246,0.018882505664336448,-0.006404914631547109,0.03631102897343437,-0.045603500874076205,0.022312651771540598,0.005316862608439107,-0.005977726132178306,0.01746855246435644,0.0020075835724168295,0.13090130288137006,0.05481719191577002,-0.04635149950577634,0.016535849175879132,-0.005426428018583088,0.1258562414627249,0.0700606305054893,0.09262937971841201,-0.03477996933007982,-0.032392176127813505,-0.055829681013488335,0.12998264198297046,0.025680095628992722,-0.04251170474643283,0.08843476362027544,-0.03161878264325606,-0.035095762923715454,0.06161512499726941,0.07268902506570289,-0.00897044471778317,0.015981935840248474,0.08257517697330333,0.08237390061784053,0.13548676129144382,-0.03783796026066248
20171130,0.018042775787396142,0.0033442489397232933,-0.04173820903505046,0.16993763936806472,-0.003016839624700845,-0.5473393686129359,0.020825846198860243,-0.06051242648739936,0.08432127281159457,0.10532711285011946,0.08491140535589058,0.04271725344310066,0.020239777803275585,0.02056067251776774,0.0409179371165211,0.12204954553024012,0.03184458843809085,0.0534118584002604,0.03516264411999503,0.03565709119495915,0.1177786093192598,0.009244316649476265,0.13721654878370865,0.011606859268850637,0.0213927312105935,0.1279851532726938,0.5431681806750536,0.022083109704900357,0.03603222649762188,-0.03852165649929534,-0.002269652393360815,0.004307830745243615,0.020163837968443194,0.05361931566632934,-0.00858305986474642,-0.03246655157840711
20171231,-0.037164093214622135,-0.042598686665288224,-0.0028140085610461434,-0.005948584539616823,-0.027013247227235856,0.10024203627356557,0.05918705024109351,0.004247380920036424,-0.025720506551520597,0.037370183086343364,-0.004462281456223398,0.04294107959148951,0.05189452066714538,-0.06946704097113726,0.008560074911827014,0.02735041369944787,-0.0109877954125643,0.06581783525414497,0.11815911726352699,0.02120564611605542,-0.07128224340120992,0.0017669963920871404,-0.003883855800660467,0.027056831172064803,-0.046550665434068876,0.07601142464932266,-0.0553341063011278,-0.009514064692952816,0.01714649753468583,0.02555686089633966,0.03845134202243182,-0.02328124322881757,0.05015485329069683,0.021020527300349694,0.02325945917799562,0.08991953807907796
20180131,0.04102013152925478,-0.03060160302395016,0.027976482958121003,-0.005381568074911072,-0.018327774964171914,-0.010978967268657876,-0.06146660107787989,-0.02663089246027848,0.17676395470683562,0.26965055501490764,-0.0038461717893809345,0.13001238762489167,0.015215177435528119,0.05044196032845717,-0.00505397883599204,0.07024333760077159,0.06521299360969693,0.03347914050771257,0.11213497482349313,0.03757988767473998,0.09995283077330236,-0.045274239362811976,0.13496549611747322,0.007519237692563848,0.015716041535960373,0.0849938221736474,0.02931555519275816,0.1037738878272147,0.04235989425873581,0.08198002451067324,0.047054161281079546,0.06271998414290811,0.0044658359234774625,0.17176360024037046,0.0979317113873223,0.20391922301946686
20180228,0.0025908648516411673,0.0840263477442723,0.010815886092251729,-0.021213264642012574,-0.02858405508719553,0.038867324385199443,0.09608699302478435,0.0033397257290069537,-0.062346752953504704,-0.15397966519642037,0.0326333942426955,-0.06406698147597242,-0.08272594856118984,-0.09338449852870886,-0.024101786161938366,-0.002727343768007299,0.09229422393525463,-0.020541709277858058,-0.10505835078213668,-0.021722988253473175,-0.024694384583927826,-0.038643697501259476,-0.044959377281106876,-0.047647677026735336,-0.06153684309003617,-0.11308595857095577,0.04990756889747054,-0.10450727513223995,-0.02646661059484187,-0.09520941521933364,-0.004746304738876599,-0.061370403738315024,-0.03328688403843029,-0.04470301313139828,0.04169625028260033,0.075211570986989
20180331,-0.0022535453779033987,-0.0484498550179603,-4.369753650702076e-05,-0.04286713797161686,0.0035273427683017514,-0.01466338829913941,0.003892510267601271,-0.010124058939078865,-0.045955524810905715,-0.022418654025563454,0.0130701974322378,-0.07286110209564292,-0.000953781194622362,-0.027741185223952077,-0.03173053449486621,0.0012635310940326203,0.003506374829646947,0.13126769264019078,-0.044113287963770856,-0.004227139699978125,-0.11919610120096685,0.13244886492934171,0.0528047450828472,0.005549221713770745,-0.04093096950684716,0.020088458816358474,0.08933288635193726,-0.08045346594247221,-0.02670696985584603,0.013251799046016224,0.016347274460737946,-0.024550875924772918,0.04168424824280227,-0.005405207921063582,0.041514249523576234,-0.057843494320142824
20180430,0.011701833990182566,0.039366523378531026,-0.010540827844713451,0.018562818779860032,0.011749658603492275,-0.029098008230373493,0.0034380338995049844,-0.004605920097557292,-0.008873328146990718,-0.04845582920451299,-0.07943598690675518,-0.018111075973500666,0.013155032746113453,-0.02839238001443444,-0.0844694151253295,-0.016106794045450012,-0.11561924474703204,0.027832223329870346,0.03722464830316355,-0.05673578897756118,-0.01730997710841106,0.018405164670271538,-0.04422764550604658,-0.0487941420036269,-0.09966483970175744,0.049221624416828896,-0.03711435007629066,-0.04078262465894898,-0.012513453586413027,-0.04739137176595614,-0.060260844240429386,-0.02625572169481187,-0.016785536413293625,-0.030399953343682746,-0.015698664488343124,0.03960152334714536
20180531,-0.05455030207175211,-0.021858121345075743,-0.03354420866831467,0.016466670189478387,-0.012983029372636842,-0.025441210664038295,0.0635656000347943,0.002998099483439028,-0.02722299086010876,-0.04379770356862412,-0.022993499803411074,0.07410654021064648,-0.03551224596626703,-0.053328526190782405,0.047906109827799664,0.009371180866167646,0.01099333445984862,0.09519710027977699,0.18969192927547737,-0.02179199283234091,-0.09115750461649225,-0.11026478916950239,-0.033543953261429976,0.015305809174096364,-0.02594053452745483,0.011420120285075986,0.01953252247995393,0.007205650174797743,0.024245555415507047,0.10026012129416982,0.007294962998744475,-0.051036327718971805,-0.017343358540155576,0.06584645283251951,0.2171014783943173,0.2196944269087554
20180630,-0.01263252880389873,0.023271928630764764,-0.020475239018831116,-0.00040985856136651483,0.0016471890830588188,-0.01767499929270065,-0.03322744839338634,0.0015653265041112004,-0.07279982272473055,-0.05024097757788108,-0.16056846774382405,-0.022789171236975603,-0.019346517235426575,-0.08377374859073981,-0.07749457471794022,-0.05433898330950589,-0.07548276856184735,-0.0928486963360815,-0.06988692527978606,-0.0943837744378653,-0.02711402819825914,-0.042526384594055194,-0.09574513620572982,-0.08117869700887075,-0.1907501126877993,-0.1990857245677575,-0.10385541998921008,-0.04540500197092774,-0.10067066404116971,-0.15307771769782363,-0.08057664487467459,-0.08495883030083308,-0.13351679609038114,-0.1001690427704804,-0.01373871532210564,-0.09441291230492435
20180731,0.0025326099549557307,-0.007420408815752613,0.01899760915299041,-0.03791941728505224,-0.003120265342207631,0.015435232154385147,-0.02184313285807115,-0.0025695267960469392,0.05940661009093115,-0.019848628179041768,0.06236895470683169,-0.06158304439104141,0.03538217028672831,-0.006577117597422707,-0.04163322477480538,0.02154703511940989,0.0007231122455377166,-0.04834787873763781,-0.04070752947546608,-0.007524054318377524,0.09179596822192224,0.05086444134762932,0.09565770347800182,0.06954525431650069,0.07285936358537515,0.04496988763577354,0.038107944741795505,-0.023200257555602524,-0.029281490469461848,-0.05988187555064747,-0.03798522248103327,0.07572521944303065,0.0030622357075861433,-0.0848222555235434,0.09545227931737157,-0.085840695101482
20180831,0.01366409666540345,0.03334995239354445,-0.04746267485720429,-0.006711455218503713,0.04742939470442522,0.0005559537376744576,-0.10515120107571196,-0.007278128975164608,-0.00333521501924206,-0.025737740101902832,0.0729304860113543,-0.1187932882740417,-0.026352472398306296,-0.06494636632031761,-0.07335760786815815,-0.045885789177389294,-0.07232363491922514,-0.06342071406218978,-0.11167218226167622,-0.09873561080991322,-0.05987522649700842,-0.04885078367672338,-0.07601889436887321,-0.09385313123810207,-0.07303982186671185,-0.08958416524943322,0.008979620226906952,0.010646374301071269,-0.06196801134387539,-0.05354764267310734,-0.10100089846157656,-0.06089253680881023,-0.051181081154053745,-0.18049279573736499,-0.10954515175270643,-0.13449124723479125
20180930,0.002104069141209793,0.013908576109090534,-0.08943353179897581,0.027912776213894284,-0.0041295279378755385,0.012581788939203099,-0.16619744718163174,-0.0001578401469357147,0.04602280795531426,0.004859569609549599,-0.01749103050892907,0.04444871675122768,-0.004711061126828281,0.013792476677449756,0.05040496606305931,0.006370971238654691,-0.084811746468558,0.001160092867996428,0.09767345004598625,0.018902487172946895,0.05238205290159221,0.051179516220107905,-0.0481497742034343,0.035213818580629316,-0.021109965486929578,0.06837741539322413,-0.01067530213052422,0.08868028472695409,0.029581830719826993,0.03622180577318561,-0.02469353408440986,0.006368325251194035,0.0689611093940201,-0.028240102559320707,0.031955677345229354,0.03328825230220642
20181031,-0.007933394140643611,0.0160389635913921,0.3187989369290025,0.027690121096903914,0.03961295907069754,0.011203858564579429,0.01572604093709696,-0.01411613323317879,0.010141068211943069,-0.022361002397109985,-0.12435944376178407,-0.1050905711399954,-0.10245242582760723,0.002515879588106561,-0.1363966978679172,-0.11038428109387478,-0.11572416839318847,-0.12042311313268796,-0.20472985185103215,-0.08380182440521264,-0.02650980371327079,-0.06613126848758667,-0.09081750134423604,-0.07719831818364692,-0.12903882134185535,-0.041452967232485365,-0.121194494051058,-0.08103294661871097,-0.09031318757371921,-0.14487660566926663,-0.04660627211397926,-0.08312797675759889,-0.07205817857690047,-0.18059064070908204,-0.12233295198320449,-0.23422746728328098
20181130,0.019759740128926936,0.06100921353956969,-0.057187432526494386,0.1625611746818094,-0.006187117551938175,0.010276598106409398,-0.044766303720315676,-0.01427694782031472,-0.025325781866004454,0.05602462031253163,0.07354985910312095,0.04789558857570658,0.01608854324098867,0.03184909262083592,0.03939179059185442,-0.022118241304208534,0.023632485607732037,0.05704089283633276,0.07287416864554529,-0.015553045831989307,-0.06793450686193958,0.05125757898248575,0.05672306524584474,0.0032559086398319024,0.1138535396116997,0.21848222510613577,0.0724474359903019,-0.08184184551722429,0.016638165457735277,-0.003828982135006326,0.05569902584871561,0.0018647060295971102,0.08494040223980484,0.07602315916485948,0.04074418007964022,0.026387525622218584
20181231,-0.016259213221872702,0.009519899048777206,-0.04953892932242861,0.05644542677874547,-0.03146952672565763,0.014228615098859197,0.11643359129010068,0.0020985638134446683,-0.04970649700835851,-0.05662718248962413,-0.0057922387434954144,-0.0275938152900008,0.0014403749160214335,-0.07994103623421484,0.015596532465060984,-0.05540665721141974,-0.08602313055864047,-0.11079751181804559,0.0021069180947283963,-0.045938246026538884,-0.03703497001820593,-0.07695411391281705,-0.09099742637707692,0.022861587589495823,-0.0568633484106896,0.021693411872502087,-0.06852700997629642,-0.07818905678443512,-0.03690877409502817,-0.030319105941183942,-0.01813578825848691,-0.0400594903627264,-0.019575347917000583,-0.05285958683956185,0.02957733334859155,0.0772548390674915
20190131,0.02059517855996183,0.019027958983298482,0.01432920657826485,-0.05343866310349192,-0.01615011320941212,-0.06516917358616739,-0.06701910209548594,0.009719635618857324,0.05913941373817442,0.09087125330189495,-0.017603576472543445,0.11880867421832735,0.02431774886095851,0.06003402832059193,0.02574482633536753,-0.0119508377606769,0.002320084638354271,-0.041466491669925706,0.05772524705153229,-0.021632545550581708,0.0348529019022539,0.03381598863919738,0.15569734208612096,-0.05754255190495422,-0.014478111302536094,0.12999953813869644,0.03614236512494404,0.05687166771021287,0.046654845431678464,0.01596360614385107,0.012360491972475157,-0.012539933978627734,0.08727712162478354,0.003066913364013074,-0.09678110134393378,0.0344227663223802
